,ingredients
"Rice,Urad Dal",{0}
"Rice,Urad Dal,Potato,Onion,Ghee,Chana dal",{0}
"Rice,Urad dal,Poha,Potato,Onion,Ginger,Garlic",{0}
"Rice,Urad Dal,Potato,Onion,Ghee,Ginger,Garlic,Paneer,Tomato",{0}
"Rava,Rice flour,Maida,Onion,Ginger,Ghee",{0}
"Ragi flour,Rice flour,Sour curd,Onion",{0}
"Oats,Rice flour,Ginger,Curd,Potato,Onion,chana dal,urad dal,mustard",{0}
"Green moong beans,Rice flour,Ginger,Onion,Ghee",{0}
"Oats,Rava,Sour curd,carrot,urad dal,chana dal,ginger,cashew,coconut grated",{0}
"Rice,urad dal,poha,ragi flour",{0}
"Rice,urad dal,poha,onion,tomato,ginger,garlic",{0}
"Urad dal,onion,ginger,coconut pieces",{0}
"Chana dal,urad dal,moong dal,ginger,garlic,onion,mint",{0}
"Rice,urad dal,poha,onion,capsicum,carrot,tomato",{0}
"Rice,urad dal,poha,onion,carrot",{0}
"Ragi flour,Rice flour,curd,onion",{0}
"oats,rava,gram flour,onion,tomato,capsicum",{0}
"Vermicelli,urad dal,onion,beans,carrot,peas,tomato puree",{0}
"Corn,rava,ginger,chana dal,urad dal,onion",{0}
"Broken wheat,onion,ginger,peas,carrot",{0}
"Raw banana,drumsticks,ash gourd,yam,pumpkin,beans,yogurt,coconut",{0}
"Coconut,chana dal,ginger",{0}
"Onion,garlic,chana dal,urad dal,tamaring,red chili",{0}
"Tomato,ginger,garlic,chili powder",{0}
"Ginger,Coriander leaves",{0}
"Mint leaves,coriander leaves,ginger,garlic,yogurt,amchur",{0}
"Rice,ginger,lemon juice",{0}
"Rice,curd,urad dal,chana dal,ginger,milk,carrot,red chili",{0}
"Rice,onion,tomato,ginger,garlic",{0}
"Rice,Coconut milk",{0}
"Rice,tamarind,urad dal,chana dal,red chilli",{0}
"Rice,spring onion,sesame seeds",{0}
"White fish,ginger,garlic,onion,coconut milk,vinegar",{0}
"Pearlspot fish,ginger,garlic,onion,tomato,red chilli,lemon juice",{0}
"Mackerel fish,coconut grated,tamarind,ginger,tomato,shallots,red chilli",{0}
"Chicken,ginger,garlic,tomato,onion,soya sauce",{0}
"Crab,onion,tomato,tamarind,coconut grated,shallots,ginger,red chilli",{0}
,{0}
"Prawns,red chilli,garlic,tamarind,coconut milk,coconut grated,ginger,onion,tomato",{0}
"Rohu fish,red chilli,garlic,lemon juice,mustard seeds,ginger,onion,tomato",{0}
"Fish,garlic,tamarind,coconut grated,teppal,onion",{0}
"Bombil,ginger,garlic,lemon juice,rice flour,rava",{0}
"Mackerel(bangda),ginger,garlic,lemon juice,rice flour,rava",{0}
,{0}
"Pomfret fish,onion,tomato,vinegar ,garlic,ginger",{0}
"Shark fish,nutmeg,red chilli,coconut,ginger,garlic,coconut,tomato",{0}
"Prawns,rice flour,onion,ginger,garlic,tomato puree,",{0}
"Prawns,ginger,garlic,coconut,curd",{0}
"Crab,flour,paprika,egg,sauce,milk,parsley",{0}
,{0}
,{0}
,{0}
"Crab,rice,tomato paste,onion,ginger,garlic,ghee,red chilli",{0}
"Crab,onion,tomato,ginger,garlic,mustard seeds",{0}
"Chicken,garlic,ginger,yogurt,lemon juice,kasturi methi",{0}
"Chicken,carrot,onion,celery,flour,potato,sweet potato,beans,cream,red pepper",{0}
"Chicken,chicken broth,celery,carrot,onion,rice",{0}
"Chicken,yogurt,lemon juice,ginger,garlic,sauce,cream,paprika",{0}
"Chicken,ghee,cashewnut,onion,garlic,ginger,cream",{0}
"Chicken,ginger,garlic,onion,tomato",{0}
"Chicken,rice,ginger,garlic,onion,tomato,nutmeg,yogurt,almond,ghee",{0}
"Peanuts,coconut dessciated,onion,ginger,garlic,mustard,tamarind",{0}
"Chicken,yogurt,ginger,garlic,onion,cashew,almond,ghee",{0}
"Mutton,onion,ginger,garlic,coconut dessicated,cashew,pista,yogurt,milk,cream,mint leaves",{0}
"Chicken,ginger,garlic,onion,soya sauce,corn flour,vinegar,chilli sauce",{0}
"Mutton,ginger,garlic,mint,almonds,curd,",{0}
"Cream,onion,tomato,garlic,ginger,cashew,ghee",{0}
"Rice,chana dal,onion,ginger,garlic,yogurt,mint leaves",{0}
"Chicken,yogurt,ginger,garlic,onion,lemon juice,rice,milk,ghee",{0}
"Rice,masoor dal,onion,ginger,garlic,mint leaves,ghee",{0}
"Milk,sugar,vermicilli,dates,raisins,almonds,pistas,ghee",{0}
"Bread,milk,cashew,pistas,ghee,sugar,almonds",{0}
"Mutton,onion,curd,garlic,ginger",{0}
"Chicken,rice,mint leaves,garlic,tomto puree,milk,ginger,onion,tomato,yogurt",{0}
"Chicken,corn flour,rice flour,egg white,ginger,garlic,curd,sugar",{0}
"Potato,onion,urad dal,ginger",{0}
"Chickpeas,onion,tomato,ginger,garlic,lemon juice,butter,maida,yeast,wheat flour",{0}
"Lamb shanks,Maida,sour cream,ginger,tomato,onion,carrots,potato,mushroom",{0}
"Mutton,onion,ginger,garlic,tomato,vinegar,potato shreds",{0}
"Coriander,green chilli,potato,onion,chaat masala,lemon juice,tamarind chutney",{0}
"Maida,ghee,khoa(mava),rava,baking powder,sugar,milk,pista",{0}
"Paneer,red chilli,onion,ginger,garlic,tomato,capsicum,garam masala",{0}
"Onion,ginger,garlic,coconutt milk,tomato,garbanzo beans,cauliflower,gold pepper,cayenne pepper",{0}
"Carrot,ghee,milk,sugar,raisins",{0}
"Lauki,elaichi,almonds,cashew,raisins,ghee,milk,condensed milk",{0}
"Paneer,spinach,ginger,garlic,tomato puree,onion,red pepper,cream",{0}
"Potato,green peas,onion,ginger,garlic,tomato,garam masala",{0}
"Paneer,butter,ginger,garlic,onion,cashew,red chilli,tomayo sauce,milk,",{0}
"Paneer,yogurt,ginger,garlic,lemon juice,onion,green capsicum,green chutney",{0}
"Paneer,onion,ginger,tomato puree,capsicum,cream,garam masala",{0}
"Potato,onion,tomato,cashew,ginger,garlic,curd,garam masala",{0}
"Chickpea flour,yogurt,onion,ghee,coriander leaves",{0}
"Paneer,red chilli,onion,amchur,turmeric,mustard seeds",{0}
"Onion,ginger,garlic,toor dal,tomato,red chilli,ghee,garam masala",{0}
"Onion,ginger,garlic,moong dal,tomato,green chilli",{0}
"Brinjal,onion,tomato,yogurt,ginger,garlic,garam masala",{0}
"Onion,ginger,garlic,Lady's finger,tomato,amchur,garam masala",{0}
"Onion,ginger,garlic,Lady's finger,tomato,amchur,red chilli powder",{0}
"Potato,onion,peas,ginger,ground spice,maida,curd,mint chutney",{0}
"Baby corn cobs,ginger,garlic,onion,tomato,garam masala",{0}
"Mushroom,red chilli,ginger,garlic,onion,tomato,cashew,capsicum,garam masala",{0}
"Onion,ginger,garlic,tomato,cashew,potato,butter,garam masala,cream,corn flour,raisins",{0}
,{0}
"Mushroom,frozen peas,onion,tomato,ginger,garlic,garam masala",{0}
"Fenugreek leaves,red pepper,paneer,coriander,tomato puree,garam masala",{0}
"Onion,coconut dried,ginger,garlic,red sev,jaggery,garam masala",{0}
"Mushroom,onion,tomato,ginger,garlic,garam masala,almond,cream",{0}
"Paneer,tomato,ginger,garlic,butter,cream,garam masala,fenugreek leaves dry",{0}
"Onion,ginger,garlic,garam masala,red kidney beans,ghee,red pepper,coriander",{0}
"Sabudana,ginger,potato,peanuts,lemon juice,green chilli",{0}
"Sabudana,Red Chilli Powder,potato,peanuts,lemon juice,green chilli,coriander powder",{0}
"Maida,ghee,potato,garlic,ginger,amchur,garam masala,peas",{0}
"Paneer,tomato,ginger,butter,garam masala,red chilli powder,gram melon seeds",{0}
"Paneer,capsicum,potato,cashew,raisins,amchur,onion,ginger,cheese,green chilli",{0}
"Potato,french beans,peas,beetroot,ginger,onion,maida,bread,cashew,green chilli",{0}
"French beans,carrot,cabbage,peas,gram flour,ginger,garlic,potato,corn,chaat masala",{0}
"Almond,saffron,ghee,sugar",{0}
"Beetroot,milk,sugar,ghee,elaichi,cashew,raisins",{0}
"Milk,lemon juice,sugar,corn flour,khoa,coconut shredded,elaichi,figs",{0}
"Raisins,ghee,dates,pista,cashew,almonds,elaichi powder",{0}
"Milk powder,maida,ghee,baking powder,almonds,pista,raisins,sugar,ground cardamom",{0}
"Green lentil,ghee,sugar,milk,almonds,elaichi",{0}
"Walnut,sugar,Cucumber seeds,Cardamom powder,,Saffron,dates,milk",{0}
"Condensed Milk,Milk,cashew,pista,almonds,Pumpkin ,Desiccated Coconut
,ghee,elaichi powder",{0}
"Egg,salt,pepper,chilli powder",{0}
"Egg,salt,chilli powder,onion,green chilli",{0}
"Egg,paneer,butter,ginger,onion,tomato,red chilli powder",{0}
,{0}
"Egg,Green Chili Paste,tomato,garlic,ginger,garam masala",{0}
"Wheat flour,salt,ghee",{0}
,{0}
,{0}
,{0}
,{0}
"Wheat flour,potato,ghee,amchur,green chilli,garam masala",{0}
"Wheat flour,cauliflower,ghee,amchur,green chilli,garam masala",{0}
"Wheat flour,paneer,ghee,amchur,green chilli,garam masala",{0}
"Wheat flour,onion,ghee,amchur,green chilli,garam masala",{0}
"Wheat flour,fenugreek leaves,ghee,amchur,green chilli,garam masala",{0}
"Gram flour,bread,green chilli,salt",{0}
"Bread,butter",{0}
"Bread,potato,chilli powder,onion,butter",{0}
"Bread,butter,cucumber,onion,tomato,carrot,beetroot,green chilli,sauce",{0}
"Bread,cheese,butter,carrot,capsicum,onion,corn,parsley",{0}
"Sour cream, mayonnaise, vinegar, jalapeno,cucumber,onion,tomato,corn",{0}
"Orange juice, lemon juice, brown sugar,pineapple, strawberries, kiwi fruit, bananas, oranges, grapes,blueberries",{0}
"sprouted moong, chana dal,kabuli chana,onion, cucumber, capsicum,tomatoes,chaat masala",{0}
"Boondi,yogurt,chaat masala,salt,coriander leaves",{0}
"Yogurt,mint leaves,coriander leaves,onion,salt",{0}
"Yogurt,coriander leaves,black pepper,salt,cumin seeds",{0}
"Beans, carrot, cauliflower,capsicum, cabbage,celery,spring onions,soya sauce,red chilly sauce,vegetable stock,fried noodles,ginger,garlic",{0}
"Veg stock,spring onion,cucumber,chili sauce,sugar,corn flour,vinegrar,wonton",{0}
"Corn,celery,spring onion,milk,corn flour,black pepper",{0}
"Toamto,onion,garlic,celery,vegetable broth,carrot,sauce",{0}
"Spinach,onion,garlic,butter,maida",{0}
"Lamb trotter,Bengal Gram,ginger,garlic,green chili,elaichi",{0}
"Onion,butter,beef broth,sherry,french bread,cheese,",{0}
"Chicken,chicken broth,chicken soup base,rice,maida,lemon,onion,celery,carrot,egg yolk",{0}
"Cabbage,carrot,capsicum,spring onion,ginger, garlic, corn flour, maida, salt, black pepper,sauce,vinegar",{0}
"Noodles,Cabbage,carrot,capsicum,spring onion,beans,ginger, garlic, sauce,vinegar",{0}
"Rice,french beans, carrot, capsicum, cabbage, celery,Spring Onion,garlic,sauce",{0}
"Rice,noodles, spring onions, cabbage,carrots,ginger, garlic,cornflour,celery,sauce",{0}
"Hakka noodles,spring onion,carrot,beans,mushroom,capsicum,garlic,celery,vinegar,soya sauce,green chilli",{0}
"Onion,garlic,ginger,cauliflower,sauce,vinegar,maida,mushroom,potato,corn flour",{0}
"rice,spring onion,alfalfa sprouts,eggs,pepper",{0}
"Green capsicum,olive,pizza crust,mushroom,cheese,onion,sauce",{0}
"Pizza dough,garlic,butter,sauce,Monteray jack cheese,cheddar cheese,Mozzarella cheese",{0}
,{0}
,{0}
"Chicken breast,ginger,garlic,pizza crust,soya sauce,sauce,water chestnuts,onion,cheese,snow pea pods",{0}
"Pizza crust,barbeque sauce,barbeque sauce,onion,cheese,chicken",{0}
"Pizza dough,garlic,sauce,cheese,tomato,basil",{0}
,{0}
"Garlic,tomato,sugar,oregano,lemon juice,pasta,cheese,basil",{0}
,{0}
,{0}
,{0}
"Apple,Granny Smith apples,sugar,maida,shortening,butter",{0}
"Butter,sugar,eggs,vanilla extract,cocoa powder,maida,baking powder,butter,honey",{0}
"Apple,sugar,maida,oats,butter,brown sugar,baking powder,baking soda",{0}
"Bread,butter,eggs,raisins,milk,sugar",{0}
,{0}
"Curd,cumin powder,pepper,coriander leaves",{0}
"Mango,peach,nectarine,orange,sugar",{0}
"Lemon juice,sugar",{0}
"Orange,lemon juice,sugar",{0}
"Apple,sugar",{0}
"Watermelon,sugar,lemon juice",{0}
"Aloe vera juice,yogurt,pineapple,spinach,banana,ginger",{0}
"Sugarcane juice,lemon juice,ginger",{0}
,{0}
"Kiwi,apple,celery",{0}
"Pineapple,sugar,pepper,salt",{0}
"Strawberry,sugar",{0}
"Beetroot,apple,celery,carrot,lemon,ginger",{0}
"Orange,carrot,apple,lemon,nectarine,mint,ginger",{0}
"Tomato,celery,capsicum,onion,beetroot,carrot,garlic,horseradish,lemon juice,sugar",{0}
"Cucumber,green chili pepper,mint leaves,lime juice",{0}
"Rose petals,lemon juice,beetroot,basil,mint,cardamom,coriander",{0}
"Guava,tomato,sugar,salt,pepper",{0}
,{0}
"Ricotta cheese,sugar,cardamom,saffron,almond,pista,half and half",{0}
"Milk,sugar,cardamom,saffron,almond,pista",{0}
"Milk,lemon juice,refined flour,sugar syrup",{0}
"Coffee powder,milk,sugar",{0}
"Tea leaves,milk,sugar",{0}
"Tea leaves,milk,sugar,cardamom,peppercorns",{0}
"Onion,ginger,garlic,green chilli pepper,onion,tomato,cauliflower,cabbage,green peas,carrots,potato,butter,masala,pav",{0}
"Potato,garlic,gram flour,baking soda,lemon juice,green chilli,tamarind,red chutney,pav,jaggery powder",{0}
"Beansprout,potato,onion,chilli,garlic,ginger,tamarind,pav,tomato,sev,lime,yogurt,coriander leaves",{0}
"Onion,poha,sugar,green chilli,potato,lemon juice",{0}
"Potato,gram flour,rice flour,baking soda,chaat masala,garam masala",{0}
"Cheese,Onion,ginger,garlic,green chilli pepper,onion,tomato,cauliflower,cabbage,green peas,carrots,potato,butter,masala,pav",{0}
"Butter,brinjal,capsicum,Onion,ginger,garlic,green chilli pepper,onion,tomato,cauliflower,cabbage,green peas,carrots,potato,masala,pav",{0}
"Red chilli,coriander powder,cumin seeds,lemon juice,garlic,potato,onion,coconut grated,pomegranate seeds,tamarind dates chutney,coriander leaves,pav,sev",{0}
"Maida,carrots, squash,zucchini,garlic,onion,oats,cheese,egg,soya sauce",{0}
"Chicken,breadcrumbs,onion,garlic,egg,pepper",{0}
"Rice,peas, carrot, green beans, cauliflower,vegetable broth,garlic,onion,ginger,",{0}
"Onion,ginger,garlic,,cauliflower,cabbage,green peas,carrots,rice,green chilli,garam masala,coriander leaves",{0}
"Maida,cabbage,french beans,carrots,capsicum,spring onion,garlic,soya sauce,black pepper",{0}
"Paneer,,onion,garlic,ginger,maida,coriander leaves,soya sauce,cabbage,tomato",{0}
"Refined flour,baking powder,paneer,onion,garlic,soya sauce,vinegar",{0}
"Chicken,onion,garlic,ginger,maida,coriander leaves,soya sauce,cabbage,tomato",{0}
"Refined flour,baking powder,chicken,onion,garlic,soya sauce,vinegar",{0}
"Red chilli,garlic,chicken,vinegar,corn flour,soya sauce,cabbage,carrot,onion,black pepper",{0}
"Paneer,Green capsicum,spring onion,garlic,ginger,sauce,green chilli,cheese,maida",{0}
"Wheat flour,carrots,cabbage,spring onions,beans,cauliflower,fish,sauce,onion,garlic,black pepper",{0}
"Maida,mushroom,garlic,spring onion,soya sauce,pepper",{0}
"Green chilli,potato,chaat masala,garam masala,batter,gram flour,baking powder,red chilli powder",{0}
"Paneer,gram flour,garlic,ginger,red chilli powder,green chilli",{0}
"Papdi,curd,sugar,potato,chickpeas,onion,pomegranate seeds,tamarind chutney,mint chutney,sev,coriander leaves",{0}
"Wheat flour,ghee,oil",{0}
"Maida,garlic,green chilli,coriander leaves,baking soda,baking powder,yogurt,milk,butter",{0}
"Flour,chickpea flour,ghee,sugar,almond,egg yolk,baking soda,cardamom,nutmeg",{0}
"Paneer,green peas,onion,ginger,garlic,tomato,red pepepr,green chilli",{0}
"Corn flour,maida,ginger,garlic,pepper,paneer,red chilli powder,green chilli,spring onion,capsicum,soya sauce,sauce,vinegar",{0}
"Onion,ginger,garlic,lady's finger,tomato,amachur",{0}
"Mango pulp,yogurt,milk,sugar,pista,elaichi",{0}
"Wheat flour,gram flour,bajra,jowar,rice flour,onion,ginger,green chilli,coriander powder,ajwain",{0}
"Potato,onion,ginger,garlic,carrot,capsicum,cabbage,beans,tomato paste,milk,cream,cashew,garam amsala",{0}
"Chickpeas,garam masal,ginger,garlic,pomegranate seeds,onion,pepper,tomato",{0}
"Paneer,potato,cardamom,onion,ginger,garlic,green chilli,tomato puree,cream",{0}
"Onion,ginger,garlic,lady's finger,tomato,capsicum,garam masala",{0}
"Onion,cauliflower,carrots,cabbage,beans ,peas,potatoes,ginger,garlic,tomato,curd,green chilli",{0}
Rice,{0}
"Rice,cumin seeds,ghee",{0}
"Onion,garlic,pepper,potato,cheese,basil",{0}
"Vanilla ice-cream,dark chocolate,ginger, chocolate wafer cookies",{0}
"Apple,lemon juice,orange,orange juice,wine,brandy",{0}
"Honey,oats,walnuts,nutmeg,apple,raisins",{0}
"Maida,sugar,baking soda,carrot,raisins,walnut,apple,flaked coconut,eggs",{0}
"Onion,pizza crust,tomato,goat cheese,arugula",{0}
"Carrot,onion,garlic,ginger,butternut squash,apple,pear,coconut milk,bread",{0}
"Onion,garlic,chickpeas,tomato,kidney beans,white beans,black beans,cheese",{0}
"Tomato,onion,black bean,corn",{0}
"Pasta,asparagus,garlic",{0}
"Shallots,escarole,Lettuce,prunes,pecans",{0}
"Onion,Linguine,garlic,red pepper,capers",{0}
"Tomato,cheese,dates,wild rice,Quinoa,onion,lentils",{0}
"Cheese,cucumber,orange juice,olives",{0}
"Granny Smith apple,raisins,celery,yogurt",{0}
"Culiflower,peas,carrot,eggs,scallions",{0}
"Oats,wheat flour,eggs,chocolate chips",{0}
"Oats,brown sugar,egg,chocolate chips,yogurt,maida",{0}
"Lemon,oats,sugar,maida",{0}
"Egg,maida,milk,fruit preserve",{0}
"Maida,cocoa powder,brown sugar,buttermilk",{0}
"Pumpkin canned,splenda,cheese",{0}
"Pumpkin canned,splenda,maida,chocolate chips,egg",{0}
"Splenda,peanut butter,egg",{0}
"Brown sugar,banana,egg,wheat flour",{0}
"Maida,wheat flour,pecan,egg",{0}
"Stevia,brown sugar,carrot,oats,maida,egg,chocolate chips",{0}
"Oats,wheat flour,cinnamon,milk,cheese,maple syrup",{0}
"Carrot,pineapple,egg white,wheat flour,frosting",{0}
"Chococlate cake mix,gelatin mix,cherry,diet cola",{0}
"Maida,cinnamon,banana,yogurt",{0}
"Yellow cake mix,lemon pudding and pie filling,milk,lemon,egg substitute",{0}
"Graham cracker crumbs, vanilla pudding mix,milk,confectioner's sugar",{0}
"Apple,brown sugar,cinnamon,vanilla ice cream,brown sugar",{0}
"Peach,brown sugar,cinnamon graham crackers",{0}
"Banana,milk,vanilla pudding mix,graham cracker pie crust",{0}
"Rice,milk,pista,elaichi",{0}
"Chicken, broccoli florets,pimentos",{0}
"Chicken,cabbage,scallion,water chestnuts",{0}
"Chicken,chicken broth,chunky salsa,cheese",{0}
"apple,chicken",{0}
"chicken,onions",{0}
"chicken,carrots",{0}
"salmon,garlic,lemon",{0}
tuna,{0}
tuna,{0}
salmon,{0}
"orange,ginger,turmeric",{0}
"blackberry,peach,orange",{0}
"celery,chicken",{0}
"wheat,rice",{0}
"carrot,beans,coconut,tomatoes",{0}
"apple,cinnamon,oats",{0}
"broccoli,carrot",{0}
"oats,vanilla extract,peach,mango,walnuts",{0}
"carrots,paprika,masoor dal",{0}
"oats,mint,carrot,",{0}
amla,{0}
"spinach,pear,pancetta,vinegar",{0}
"besan,wheat flour",{0}
"fenugreek leaves,besan,yoghurt",{0}
"lauki,yoghurt",{0}
"beef,green capsipum,tomatoes",{0}
"ladyfingers,tomatoes",{0}
"carrots,apples,ladyfingers",{0}
"corn,zucchini,onion,mozarella cheese,olive oil",{0}
"margarine,corn,carrot,peas,beans,cauliflower,butter",{0}
"margarine,corn,carrot,peas,beans",{0}
"peas,soy sauce,oyster sauce,garlic",{0}
"parmesan,paprika,margarine,wheat bread,italian seasoning",{0}
"mozarella cheese,pepperini sausage,pizza sauce",{0}
